uid,username
89545,VanWilder
105511,turtlewing
118489,inuyashasama
137227,ideu-
277044,Entozer
315646,Aeven
427355,KafuuChino
431457,myumeow_
437945,KenZ
485007,rainlily
505137,H O L Y
623773,metyabo
758406,dressurf
766374,LostCool
877011,Berrii
903155,Transcendence
1020304,NkeyZoyDkqehKal
1031263,Snowdrop
1033244,jihak0210
1192936,MapleSyrup-
1275168,NoteTool
1385494,karama325
1433586,butanic
1482965,Cobo-
1488878,costle
1517607,leqek
1530308,Zei-
1626983,Cryolien
1654221,Hudonom
1948903,Gonzaalooo
2039089,arcwinolivirus
2071008,yz1155
2081126,Vala
2115269,[YRK]
2141612,stupud man
2160513,Kanosy
2163585,Snowwind
2218047,Kim_GodSSI
2225008,Skalim
2270126,tangjinxi
2281110,Nyarlahothep
2284328,Elementaires
2288363,SillyFangirl
2368630,lucky icons
2402586,HanJaeHun
2416409,2rrrr
2427023,-Homura-
2449200,AncuL
2494747,Windows - Xp
2570019,PhobosX
2573716,Akayro
2653437,robby250
2655836,Yanamon
2722489,Cielo Day
2747704,Dawt
2820075,gosy777
2883132,Jole
2940660,Hehoooh
2970030,Windchopped
3021168,qodtjr
3035476,araragigun
3036686,Sanni
3037469,Niks
3072921,Callionet
3154852,aitor98
3155787,MoTeSolo
3166596,Wewoj
3215366,Matiias
3244389,Mura7797
3262821,[SPNG] Sim0
3279570,Terni
3337688,ZYuan
3360737,Jinjin
3375226,hero_jeff
3525251,b1k4zo
3603342,SDMseven
3608278,yuruyuridaisuki
3620963,liaoxingyao
3632846,lxLucasxl
3642440,Identikit
3667577,NiAs-
3693546,LR2MAG
3721535,D P
3793502,- Kaho -
3825901,Anemia
3835515,INGYK
3846874,Itim
3874031,longnguyen2004
3885626,Motion
3918056,Craty
3935111,Bssd
3946113,idqoos123
3995789,Kasen-
4075092,Blocko
4084853,xxxxxx2800
4116072,Arkener
4123399,Sadcat
4194612,YUKI -
4258495,[bouncyball]
4262518,RemiXPatchy
4270732,rlarkgus
4339188,hiyoit
4372604,-Squishy
4414322,[Style]
4477497,cheewee10
4544555,Opean
4557440,reyss
4666773,Arezo
4685756,LothusFangirl
4686520,_claidheamh
4693052,lemonguy
4700778,Coolgamer
4702061,Dominance-
4726691,Yamakazi
4760676,Lyuna
4773855,Maffe
4790958,MadBricktree
4815930,Applequestria
4866977,Lam-
4875530,Loebad434
4918394,Seulgi
4952941,Gamer97
4961595,Majesty
4980256,Alter-
4998501,xNett
5001658,Fritte
5063207,AirSpan
5144698,LiangIaiajan
5190592,SilentParleHorn
5235597,Genuine
5243536,etterna in osu
5332153,cr1sp
5350761,Whirst
5367287,Flexo123
5402803,OutLast
5507069,644520858
5527957,Meiju
5604329,Rio1-
5642989,Chiara
5684525,_relay
5730521,SDVX_Unknown
5818319,masaya
5919873,Xan-
5990313,Geon_
6066359,_Yiiiii
6117525,ruka
6132697,Suzuha_l
6188901,[ March 7th ]
6209713,_Kobii
6264519,Milla[Monkey]
6336721,[Paw]FIood
6378800,my angel zhla
6378892,takuminn1005
6382544,heavyweapon9
6384643,Hidrocarburo
6392061,Pengdoll
6419257,Zmor0133
6420368,wlsgur5436
6423914,quailty
6431950,Kutar_
6444766,DeepBlueSky
6452862,Afro_ilshio
6505058,Rinomi-
6577242,_Reimu
6605301,sagerao
6694908,X_Devil
6699923,[GB]SuddenDeath
6748142,MinatoFan
6764101,Greatvictory
6824258,Dius
6857841,timebuka
6864656,JDS20
6912079,PocaFanboy
6968857,[NaNachi]
7014697,Estonians
7081478,[GS]Teo
7082178,[Crz]Satori
7095193,Aleju03
7156052,[HaRu]
7156634,karayss
7160872,20XX
7195415,wy_
7216115,Rantte
7222674,Laply
7227070,IllIlllIIlIIlIl
7233032,paprotkaaaa
7240849,-dreamy witch-
7266339,-Melon
7286896,RevVoJH
7288913,_LASH
7296731,wonder6974
7304158,Crusher
7326238,XDerbyX
7335062,[LS]SirroNL
7354881,karcice
7381289,Stink God
7437049,DR2L_
7439939,by-ad
7457801,Nagareboshi
7466406,hoo9030
7486692,decoy-
7490871,limtan
7509879,Esc
7515326,[ M Y S T I C ]
7539957,Makiba
7589503,RaffCo
7590835,jhlee0I33
7590894,ExNeko
7602467,clrty2
7621263,- megu -
7673299,nadavv
7676585,[RS] F4st
7727987,Neokje
7746837,TsukiyukiMiyako
7771572,-K i r e i-
7794488,Reshiram
7851086,kiaod
7853143,faz_cL
7860283,CrewK fanboy
7909538,KimTaJo
7918550,candybin
7928981,[Crz]Riko
7945868,SnowScent
7955249,Thengkeon
7968696,CurlMike
7985400,Bongearth
8011881,k s m
8021339,Mi-a
8025443,P1gh
8035811,Nara_S2
8039789,KalkaiFanboy
8039923,Load
8046839,Alchemy
8049216,Dotory
8065567,Cerelac
8094971,Difenoxin
8179131,[Crz]MemoryI
8195584,yellEx
8250228,Tealios
8271308,Lung_P
8291500,Seiren Shikino
8332881,Minnoz
8359780,KAZYE562
8369409,[Crz]Rachel
8369893,soulseason
8370443,Lovelyn
8408784,Tropicar
8442734,_Salieri
8468203,[GB]King Fish
8491893,Jingburger_fan
8519296,Notpx-
8534840,DawnX
8538906,Hinobara
8581031,Poca
8599070,ababa
8610776,Lelloq
8677684,Onta_Bekasi
8683297,[Crz]EzNys
8710290,[Crz]SuJaK
8716749,Dety
8725215,avaah
8748664,Arona
8748747,tartbtw
8756421,quentin5110054
8768801,Subakba
8781662,Xu seventeen
8837858,N2Oe-
8846778,sang981203
8856244,erased self
8862836,qquark
8880797,MyAngelKokomi
8883576,Hitachimako0721
8884753,susher
8900975,BKwind
8901267,fer789
8902097,DaDarkDragon
8911771,Heriza-
8933873,niv119
8963569,redmasterya
9043661,lioseulbi
9049282,[RUE]Clamati
9074982,weikong
9085137,mama mo
9164100,Oceanus
9168021,Zuo ma
9169747,Eliminate
9188975,mae0149
9238293,Hucky
9244686,shippou
9267793,polyesterphile
9299072,[Crz]Zetsfy
9332478,Slick6969
9401939,cheshire_
9427822,Daytime-
9492940,- Min -
9502281,- Xiaoluoli -
9504954,SmeadollsBoy
9522312,jaol35
9526558,ZoyFangirl
9530019,Lothus
9557847,hisaella
9602755,Mitto
9630674,Freek
9655624,1405512654
9666710,[EGEJ]Egg_Tart
9697642,shanakiss
9702339,2352961378
9707898,weluviwanna
9710653,_Moni_
9760824,7777
9781014,miwiki
9787146,Myukee
9821346,AzusaNakano2
9834350,Procalm
9880422,rubyy
9916104,xpwaster
9918331,firsw
9919550,yukina meng
9921804,Truzko
10001325,Krokodil
10011429,[ misa ]
10027302,Cyaewin
10036005,-Oni-Chan-
10058835,WaDeFa
10072733,myucchii
10079171,Epi75
10083439,bojii
10085090,Carpihat
10125072,U1d
10132430,NKEYBOARD
10133496,Lenxis_
10137852,Doma - Umaru
10149312,BananenTropfen
10157813,Andere
10186414,Mantinsh
10229867,hr601432
10231836,Eucal
10236326,YeonHong187
10242297,Tiger
10242770,LelPop
10284984,Begin
10303887,oct4
10316554,SI0705
10318380,lovely_hyahya
10329095,VanillaLatte
10332424,Rivariec
10333739,[Crz]sunnyxxy
10336332,YuyukoFangirl
10340462,Endroma
10344857,Pocafanboyfan
10351684,AWMRone
10352045,DeltaNami
10353340,chimameee
10364342,Exyph
10393606,ERA Illya
10400730,-NoName-
10453382,Nebular
10465260,yahweh
10483296,Papago
10512663,af-
10553101,ilyWinter
10569738,QingJiDing
10580267,Chenut BS
10613612,Merhaf
10622472,Sprrumnk Lokii
10629473,cow
10665336,[Crz]Nanami
10696707,Greedom
10707444,Skadi_
10728432,Kaify
10745260,jhleetgirl
10790649,Kalkai
10804091,GDMem
10809497,NunotabaShinobu
10817494,[Crz]Nickname
10878878,chumpup
10888689,[LS]Gavin
10906301,flashnias
10910337,Stellium
10944966,Outlasted
10947900,Kaori Kyan
10963351,_Ennui
11067151,Puglz
11107867,AKlevenseven
11112775,[Mys]Mili
11144284,Yozomi
11144363,-[Ulazis]-
11149878,bounter
11183413,CertifiedPinoy
11188249,Plutes
11247298,-Willow-
11257774,Sai_Mnz
11270477,Schopfer
11290311,Tyronix
11304785,jordan180105
11306153,jimmyreturnz
11313227,Quotient
11341964,MowseChow
11388710,mo_Gwa
11400322,WANGTIANDADA
11420405,Ojisan-
11429144,LeongKat
11440539,CShon
11441915,Lullaby-P1
11454895,AlbertInPain
11480864,azuree
11488604,CrewK
11544638,Anecdote
11557167,Akala Kai
11566799,Shepped
11585213,Dystire
11624923,Dukitan
11636434,Jeersy
11649450,ime
11658296,[hgamea]
11659956,gary061014
11700865,Lemmie
11711666,lifilled
11731209,Reticent
11734610,Nepijin
11743223,Burn2
11759693,DarryllV
11765280,lunarcoffee
11778716,-Kanao-
11787977,[MY]NoLimit
11789635,Piropito
11799958,buenoo
11817838,TristanJacob11
11829623,[ -Asriel- ]
11885200,DaKub
11888159,BaniiYanii
11898245,[LN]Nepko
11937337,WaterMelonTube
11956607,Adogg145
11964257,Mocarena
11976319,Lv_k
11976455,Enie
12006280,Yunabi
12017594,cassioFanGirl
12028216,mashu
12040572,_Ennill
12046267,--Pavin--
12052253,SuperPotatoMLG
12054898,[MY]Sol
12055954,sir aelay
12084755,Dex uwu
12086252,Herarudo
12094314,Okusann Tifa
12101157,nickulott
12127515,artsim
12169989,prin1209
12197593,Cattlea
12261836,A i r -
12290050,Plstica_
12320264,YuJJun
12345357,seokseki
12346181,0133
12386417,GreenTeaz-
12399822,Tiputo
12418891,rkswl
12426337,Fl Studio 20
12431407,kang999
12452131,gaesol
12452291,Krn_
12489832,TingMomentum
12562107,CPT_Sivelia
12584420,Vulpsi
12598261,TsukiyaWhiskers
12599154,Toxic Scent
12634361,k4Zero
12634757,YunJeong_U
12658750,Bernadetta
12689667,[Albert]
12779064,qx1b
12796512,shiyu1213
12809702,Hirasawa Yu1
12820563,AlexMTM
12852613,Nattapoom
12871335,[BOY]
12904746,[0v0]
13018117,josiaxarg
13026904,tyrcs
13045719,THIS A PERSON
13047982,YumaOs
13086972,Lycanroc
13122043,Blulletgun
13125084,Coach
13132585,dota 2 invoker
13135192,Hoshizora
13151924,LuluM
13155751,ItzSoulGD
13167794,ez2ac_JJO
13170913,m1n530k
13171482,[Iron]
13190286,EXSpins
13250642,LTE FOOD BOX
13268178,walteir
13280546,Ra-alt
13286526,[ Nebula ]
13288401,Damned
13289287,Ranshii
13320197,Divine
13333125,kamitsu980
13347579,LeMarcinho
13356854,SpookyKraken
13359872,[MY] Ril
13385865,bad hd player
13390529,-Aishiteru-
13402917,My Angel Plana
13408635,[LynX]
13431947,Jerem[Monkey]
13450592,Vylence
13450837,shadowkun-
13465246,TheSnowie
13471840,neeko the rock
13488325,ottenst
13513736,[RUE]NeomiCryo
13538354,InsCharteux
13545528,xXShyzDy0133Xx
13572493,Stoom
13601876,Orost
13622614,Harambe
13640336,JassonAHH
13656264,palmEuEi
13769101,Netroo
13847712,DannyXLee
13847951,Dale940
13858488,C90
13858581,grenade
13878539,ERA Veryi
13901048,MireZip
13929448,oscarcx
13941662,Domajnyk Pear
13945196,I Ryze
13967954,Watch01
13975661,lianic
14003647,-Jameson-
14004386,- Grace
14009758,TriDoanGaming
14030362,-Chen-
14039549,Bei
14066511,nyasunfanboy
14099962,upr-
14122291,Fuwapiuwa
14124854,ASTROMENT
14144601,tweety0907
14174524,Xyrenoxx
14196373,Verdon
14208094,ogilaC
14213383,Kalguksu
14217379,Wishtynite
14222982,Tat3
14241467,MagiScorch
14245127,Cheung Fun
14259202,shiumai_kun
14281898,RiskyMonster272
14318312,[Crz]Reimu
14324153,ERA Gregorii
14335907,denzeljr
14412562,HeavenlyFaith
14454420,fhdmtmf
14516576,LokSG
14526718,1983805906
14535598,Mokett
14544810,maniashallah
14551764,[LS]Mitter
14588134,Endorfinn-
14626174,asfgewgqq
14631339,lnote_
14676719,TTv_UFO
14694998,Appetible
14703345,Mito Van
14714059,Tofu80
14742321,Laventale
14751007,Binaric
14767969,- Minato Aqua -
14799684,Hyeon_E
14864232,SlimeT
14880391,BanDalGom1
14931745,[LS]Icetify
14952077,yeonho7028
14960876,O2jam Ultima
15079888,Selestia
15098503,yoke mao
15142530,Ticy
15148238,grandstar6262
15164383,__User__
15183087,LiangFenFan
15203710,xyphla
15216030,G2t
15314355,UmmmMrMoo
15391485,hsod
15444660,cyta_
15447708,Burgundy
15482579,SJIS Cat
15508957,yeetboii
15513303,ElzeFanBoy
15514768,Mkurisutina-
15543726,nanonbandusty
15548876,Silicosis
15636338,Astelina
15677134,UltraBlack
15690480,do you fart
15711419,thatguyalpha
15727775,yoth99
15760722,binified
15806513,jkzu123
15807199,TheSandCastle
15807665,alivn
15832551,Crazypizzakid
15838669,_Phigros
15843206,Perplexities
15889644,YuLiangSSS
15926730,PeachMarrow
15929931,Haengsyo
16012377,[-Tricked-]
16018038,the blue frawog
16020685,ShiroPeDeFresa
16081867,- Such -
16100800,ICECAKE
16108901,D F A
16119061,Zembonics
16124906,Vincus
16128842,Lifelyless
16131837,Monsterr
16162078,Usie
16191180,Shice2566
16192531,origamibest
16207464,tnwl
16235845,Nanhida
16270273,[UTGY]
16277321,[GB]nyasun
16296036,IWateh
16297375,_Hitori_
16312988,SummiT
16317888,moonfle
16322711,FakeException
16371466,109
16407268,ERA Dev
16415677,uni3924
16419138,newneww
16420817,PrameeZA000
16427395,ZilverX15
16446375,DumbFunk
16447598,Earther06
16468962,ERA Sunny
16469072,cooheri
16480419,latsderpy
16505281,Buschan
16530364,[LS]Sagirium
16562681,Bacon Haniwa
16566148,M2UFanboy
16606499,vjwhl
16696389,spizman
16711124,AlexxiTo
16734203,instal
16768803,[ReyZ]
16772030,BummyLee
16819909,Arcaxio
16837177,CappK
16870002,sukidayo-
16889434,Miya_koi
16918654,JVRed
16923930,Natsumi100
17036965,PouSlayer
17089357,[RUE]Jeunios
17106738,Kraehe
17115114,ATP Koshepen
17152485,dendro_
17154483,imrrr
17184474,imagoodguy100
17213280,[LS]Jaiden
17233884,AlterFangirl
17237364,EstaticStatisIO
17241523,ste248
17242265,ERA Mystiik
17245290,Rage Mongraal
17252041,StevenS
17258072,Antipole
17285510,SoominFanGirl
17289780,Reptilion
17303433,pboo2424
17308009,Hello_Son
17369785,Loslic
17385733,kacsa14
17460326,Fairy-
17494164,ggeexx1
17527822,[Crz]Ranm
17535627,Aaki_
17557759,Lynxaar
17607162,_Happy
17640814,fishbone2445
17655626,Milerangkis
17673611,Anwul_
17721427,yzmengx
17721836,Natsurio
17753122,invadey
17753835,YyottaCat
17839143,Lovebiim
17907690,hnthnthnt
17932840,Modern
17989209,ag0
18027748,Yunoyunoyuno
18032915,_Harae
18042127,[Crz]IsxI
18043326,JacksonAndrew9
18111392,racksack
18121419,lyvet
18142679,aceqwer370
18172498,Tsunakko
18236316,Axelerrixx
18267981,revokeww
18270641,[LS]Shark
18271627,grillroasted
18278945,PocaFangirl
18282863,HxcQ777
18309106,adihza
18338179,bagjettka
18341280,Lowuki
18350349,samyangramyun
18356454,Minwoo3098
18375016,chana
18377298,Veirynn
18428953,Hualow
18478864,Saugage
18483399,CaptainLan
18496063,tastydumpl1ng
18508394,Tevelkin
18520056,[LS]Tenshi
18521083,Croatian songs
18546367,Mango0307
18563362,Concepte
18566390,Nubbo123
18638952,Iasys
18664411,Potaterr
18687002,tajjj
18693260,FabrizzioGd
18707350,7keyEgoist
18724987,1312on
18756838,SHABEST
18766595,PetrGrfn
18801040,xxrobloxpro42
18828348,N_Sana
18867523,flowerful
18884854,Min-
18943504,Miku Meru
19133938,Eeriee
19141228,malza
19191509,AspectOfTheDie
19223045,GOUYU
19334327,Blaite1016
19446399,Robeats
19509414,kzp_twlss
19554046,Shadow_GM
19659006,Mushroompie
19686164,Seroni
19744986,-Viktor-
19791211,DellyK
19805569,pogyes
19834488,-Pafe-
19838492,hato
19900854,shiroupi
20021208,Goshujin Sama
20040064,[LS] akarii
20040607,[GS]hina
20205897,entelecheia
20226914,BondLord
20242876,SSENMOON
20280819,real-99
20286166,[LS] Brian
20298842,Na2He
20360332,[LS]bambi fnf
20455522,[SloW]
20485400,Apr4th
20496815,4Kenn
20531318,Balanc3D3mon
20544648,[LS]Nemesis
20604942,[LS]Shiori
20809032,zec
20822831,Acrylla_
20834055,_yea
20834952,dks9o
20868243,Attraqtia
20937526,Unpatito
20951357,cuteyzn
21114236,clonedroid
21446926,Fieri
21682880,Pokedogga
21707228,Eserack
21742758,Daljigi
21744976,Soomin_
21798971,-Deno-
21819427,Shimarinnn
21876472,dnraud
21933816,raatus
22157047,-Z_Z-
22184661,giyokonchi
22202849,F_Scarlet
22204699,JamJamJamJam
22524841,Soyar
22601490,Nico777playz
22644374,SturpdaFuro
22660023,akenyii-
22668430,c_latte
22674434,noober
22703533,Polygone
22725724,magnifestio
22782597,[NMC] Noraa
22791301,_93
22825158,[LS]Dan
22839620,beta carotene
22920375,maquiito
22928573,Danielpiue
23070586,7581Eason
23091125,AdamYuan
23179367,jeyik
23185552,flascowo
23200233,[LS] Connor21
23237836,Fran_Exe
23248427,-Veloce-
23257092,Fronty_146
23259732,saladpoo
23291631,b3njvv2
23297156,[Crz]RafaelPC
23327830,Drippy Meep
23392961,Darkhechiser
23401664,Longe
23410931,stoneworm
23414371,Mahiru2024
23429747,p6yb
23490205,Donerman_
23501956,Luna I guess
23528661,henryalexbr
23609936,jianawesome22
23647027,akari_chn
23651038,Ertrx
23726452,xxxbruhmanxxx
23731514,shioo-
23779738,NamelessFanatic
23783415,pipisugar
23819962,Bolelo
23833099,kilotek
23833514,blue reimu
23890527,[Crz]ChenXi
23989702,[Lmc]Gandalf
24026784,achii77
24057093,hisa_knowledge
24075447,Rei_Insana300
24104574,Squis1037
24140109,- Kopi -
24144271,hi1i2i
24153103,Steve28
24202059,- Suxt -
24224930,[REG]Seika
24291557,[TCD]thuypb2009
24331923,X-DEN
24449678,Rand0mwastaken
24449770,1145810
24457999,shychu
24465399,Nayelii
24495218,SureFir3
24548857,LOLCHICOTHEPRO
24589727,[NP]Zunite
24598551,RetroDeath
24675802,Bunsen
24776314,Plana_
24780565,Abyss 0
24795344,Loudd
24847256,[EL] endernubek
24851743,- ElGrincho -
24880938,[GB]hej_067
24973011,P3pokk
24978350,Rushenality
25024313,zScroller
25226992,Ena Shinonome
25263357,[GB]Rick
25300387,-hakitsu
25308131,[GB]R-Trigger
25311011,Selitation
25345980,Maxtulini
25379972,acienator
25393074,Vbpl_167
25426411,Focoo
25462042,JeanfMz
25468030,oofyy
25558684,[Crz]XiaoJun
25586931,yran
25588443,Nikoro
25604245,ERA Nanachi
25660423,[LS]qwk
25682415,[Crz]Yurucawaii
25689815,ERA Midian
25696729,AsahinaMikuru
25804954,Li Ji Xian
25826291,RinFall
25850141,Raon2007
25914360,MiniEgg_23
26007397,4203
26103726,LeionTha
26140861,Scitra
26188903,ThreeAccounts
26228192,SUNec4_
26252846,alx556
26253851,paocompaoepaa
26268474,MrFoap
26473894,imyeeyee
26603694,CHUBIXS
26688450,Luqas678
26690747,manwelcchii
26820084,- AteF -
26844936,SomeDumbEtDude
26856985,SoftC418
26882713,Projiensux
27166529,minicrewmate
27208738,CatalepsiaX
27233308,[GB]GanyuAngel
27313653,byKloud
27394972,Foolharded
27404774,yui -
27419503,hhde233
27552902,[GB]ParasolTree
27657112,Randumbs
27754735,MinLinh
27767846,Oort6
28092788,skibidisigma727
28098890,parponger
28246172,baigu678
28251667,[Crz]bubu
28414124,choi76
28535456,9Xeroize9
28571440,[Crz]yomogi237
28635826,dlekghajtwla
28686998,NXLLIFICATION
28848583,Sirtian
28917056,ToukiM
28917477,10086kfry
28966853,DOWNLOLDACOUNT
29024004,Meatloaf
29065774,imstupidfor7k
29207320,[4VKZ] Zillion
29388371,cheese ez
29511549,tosurashgame
29530752,Enderek_
29606773,Shenzouz
29621751,0628
29721533,ICDYO
29800037,imjustawheel
29929002,[MY] VASD
30034604,Ai-Ryz
30122510,-fm777-
30254673,Dualof4Kand7K
30279494,Demersio
30822230,nkeyfangirl
30870258,Anthony2308
31023928,ysh0212
31138498,debuti
31146692,ManPolishGeoge
31185655,[Paw]Fish_wood
31323430,Cyubic
31340937,1105
31454909,020101
31491582,TwitterDash
31660026,neonsign
31706494,C0mp1ex_
31755778,shir0kuma
31899950,Culturing
31948630,UngDiKing
31956722,KullaiPora
32145505,Campbell Soup
32253035,Mikomushiro
32288791,Chiral Cabbage
32304607,Mieo
32374576,[Crz]Miyako
32379983,Idontknowwhathi
32453617,-Delaynomore-
32503792,woodstockVV
32579046,ashurn
32695517,143-
32831399,MisakuraRin
32909413,kknnhh
32921636,K u r e a
33078224,THE YI
33192317,-Sophie-
33218299,MeMelon
33328421,Plamira
33397520,ggbb4
33494281,Houkiboshi_
33648815,ej1na
33740116,SSSSSSnow
33745274,141truth
33801604,13wiz
34060021,LoveHanu
34205111,AlekRenexA
34209594,efewfa
34241263,[Crz]Thirteen
34344384,Nikorofanboy
34548393,da_bee
34660779,[Crz]Vosk
34723839,AW2724HF
34982060,riika
